Workbook

Sheet Case Pipeline
A2: 🏦 KYC CASE MANAGEMENT DASHBOARD
A3: Know Your Customer · Periodic Review & Onboarding Pipeline | Generated: 18 Jun 2026
A4: Case ID | B4: Client Name | C4: Entity Type | D4: Rate Risk | E4: Analyst | F4: Assigned Date | G4: Due Date | H4: Days Remaining | I4: Status | J4: Documents Received | K4: Documents Required | L4: Doc Completion % | M4: Escalated? | N4: UBO Verification Required | O4: Last Action | P4: Last Action Date | Q4: Approver Notes
A5: KYC-2025-0001 | B5: Sunrise Logistics Pvt Ltd | C5: Sole Trader | D5: Medium Risk | E5: Priya Sharma | F5: 04/05/2026 | G5: 03/06/2026 | H5: =IFERROR(DATEVALUE(TEXT(G5,"DD/MM/YYYY"))-TODAY(),"") -> -15 | I5: On Hold | J5: 1 | K5: 6 | L5: =IFERROR(J5/K5,0) -> 0.16666667 | M5: No | N5: PEP Match | O5: Chased client for UBO details | P5: 10/06/2026 | Q5: UBO chain needs further clarification
A6: KYC-2025-0002 | B6: TechNova Solutions Pvt Ltd | C6: LLC | D6: Low Risk | E6: Arjun Mehta | F6: 07/05/2026 | G6: 27/05/2026 | H6: =IFERROR(DATEVALUE(TEXT(G6,"DD/MM/YYYY"))-TODAY(),"") -> -22 | I6: Pending | J6: 1 | K6: 4 | L6: =IFERROR(J6/K6,0) -> 0.25 | M6: No | N6: Missing Incorporation Documents | O6: Approver feedback actioned | P6: 15/06/2026 | Q6: Outstanding – follow up with client
A7: KYC-2025-0003 | B7: Bharat Retail Ventures Pvt Ltd | C7: Trust | D7: High Risk | E7: Sofia Chen | F7: 03/05/2026 | G7: 23/05/2026 | H7: =IFERROR(DATEVALUE(TEXT(G7,"DD/MM/YYYY"))-TODAY(),"") -> -26 | I7: Escalated | J7: 3 | K7: 5 | L7: =IFERROR(J7/K7,0) -> 0.6 | M7: Yes | N7: Complex Ownership Structure | O7: Case submitted for approval | P7: 16/06/2026 | Q7: Outstanding – follow up with client
A8: KYC-2025-0004 | B8: Apex Manufacturing LLP | C8: Partnership | D8: Medium Risk | E8: Anusha Maram | F8: 17/05/2026 | G8: 16/06/2026 | H8: =IFERROR(DATEVALUE(TEXT(G8,"DD/MM/YYYY"))-TODAY(),"") -> -2 | I8: In Review | J8: 2 | K8: 5 | L8: =IFERROR(J8/K8,0) -> 0.4 | M8: No | N8: Adverse Media Match | O8: Uploaded docs to system | P8: 13/06/2026 | Q8: High-risk jurisdiction – SME review required
A9: KYC-2025-0005 | B9: Future Foods Pvt Ltd | C9: Partnership | D9: Low Risk | E9: Priya Sharma | F9: 28/05/2026 | G9: 11/06/2026 | H9: =IFERROR(DATEVALUE(TEXT(G9,"DD/MM/YYYY"))-TODAY(),"") -> -7 | I9: On Hold | J9: 1 | K9: 7 | L9: =IFERROR(J9/K9,0) -> 0.14285714 | M9: No | N9: Sanctions Screening Alert | O9: Approver feedback actioned | P9: 14/06/2026
A10: KYC-2025-0006 | B10: Urban Infra Projects Ltd | C10: Private Company | D10: High Risk | E10: Arjun Mehta | F10: 04/05/2026 | G10: 24/05/2026 | H10: =IFERROR(DATEVALUE(TEXT(G10,"DD/MM/YYYY"))-TODAY(),"") -> -25 | I10: Awaiting Docs | J10: 3 | K10: 8 | L10: =IFERROR(J10/K10,0) -> 0.375 | M10: No | N10: UBO Verification Required | O10: Case submitted for approval | P10: 14/06/2026 | Q10: UBO chain needs further clarification
A11: KYC-2025-0007 | B11: Zenith Healthcare Trust | C11: Trust | D11: Medium Risk | E11: Sofia Chen | F11: 20/04/2026 | G11: 20/05/2026 | H11: =IFERROR(DATEVALUE(TEXT(G11,"DD/MM/YYYY"))-TODAY(),"") -> -29 | I11: Pending | J11: 4 | K11: 7 | L11: =IFERROR(J11/K11,0) -> 0.57142857 | M11: No | N11: PEP Match | O11: Uploaded docs to system | P11: 13/06/2026 | Q11: All docs verified – approved
A12: KYC-2025-0008 | B12: GreenLeaf Agro Pvt Ltd | C12: LLC | D12: Low Risk | E12: Anusha Maram | F12: 02/05/2026 | G12: 01/06/2026 | H12: =IFERROR(DATEVALUE(TEXT(G12,"DD/MM/YYYY"))-TODAY(),"") -> -17 | I12: On Hold | J12: 4 | K12: 4 | L12: =IFERROR(J12/K12,0) -> 1 | M12: No | N12: Missing Incorporation Documents | O12: Completed initial KYC review | P12: 11/06/2026 | Q12: Awaiting updated proof of address
A13: KYC-2025-0009 | B13: Sunrise Logistics Pvt Ltd | C13: Private Company | D13: High Risk | E13: Priya Sharma | F13: 27/05/2026 | G13: 03/06/2026 | H13: =IFERROR(DATEVALUE(TEXT(G13,"DD/MM/YYYY"))-TODAY(),"") -> -15 | I13: On Hold | J13: 3 | K13: 8 | L13: =IFERROR(J13/K13,0) -> 0.375 | M13: No | N13: Complex Ownership Structure | O13: Case submitted for approval | P13: 18/06/2026
A14: KYC-2025-0010 | B14: TechNova Solutions Pvt Ltd | C14: Trust | D14: Medium Risk | E14: Arjun Mehta | F14: 24/05/2026 | G14: 13/06/2026 | H14: =IFERROR(DATEVALUE(TEXT(G14,"DD/MM/YYYY"))-TODAY(),"") -> -5 | I14: Pending | J14: 4 | K14: 5 | L14: =IFERROR(J14/K14,0) -> 0.8 | M14: No | N14: Adverse Media Match | O14: Chased client for UBO details | P14: 11/06/2026 | Q14: Awaiting updated proof of address
A15: KYC-2025-0011 | B15: Bharat Retail Ventures Pvt Ltd | C15: LLC | D15: Low Risk | E15: Sofia Chen | F15: 03/05/2026 | G15: 23/05/2026 | H15: =IFERROR(DATEVALUE(TEXT(G15,"DD/MM/YYYY"))-TODAY(),"") -> -26 | I15: Awaiting Docs | J15: 1 | K15: 5 | L15: =IFERROR(J15/K15,0) -> 0.2 | M15: No | N15: Sanctions Screening Alert | O15: Chased client for UBO details | P15: 09/06/2026 | Q15: Awaiting updated proof of address
A16: KYC-2025-0012 | B16: Apex Manufacturing LLP | C16: Private Company | D16: High Risk | E16: Anusha Maram | F16: 07/05/2026 | G16: 06/06/2026 | H16: =IFERROR(DATEVALUE(TEXT(G16,"DD/MM/YYYY"))-TODAY(),"") -> -12 | I16: In Review | J16: 4 | K16: 5 | L16: =IFERROR(J16/K16,0) -> 0.8 | M16: No | N16: UBO Verification Required | O16: Completed initial KYC review | P16: 08/06/2026 | Q16: All docs verified – approved
A17: KYC-2025-0013 | B17: Future Foods Pvt Ltd | C17: Partnership | D17: Medium Risk | E17: Priya Sharma | F17: 24/04/2026 | G17: 14/05/2026 | H17: =IFERROR(DATEVALUE(TEXT(G17,"DD/MM/YYYY"))-TODAY(),"") -> -35 | I17: Approved | J17: 3 | K17: 4 | L17: =IFERROR(J17/K17,0) -> 0.75 | M17: No | N17: PEP Match | O17: Uploaded docs to system | P17: 10/06/2026
A18: KYC-2025-0014 | B18: Urban Infra Projects Ltd | C18: Trust | D18: Low Risk | E18: Arjun Mehta | F18: 13/06/2026 | G18: 03/07/2026 | H18: =IFERROR(DATEVALUE(TEXT(G18,"DD/MM/YYYY"))-TODAY(),"") -> 15 | I18: Pending | J18: 4 | K18: 8 | L18: =IFERROR(J18/K18,0) -> 0.5 | M18: No | N18: Missing Incorporation Documents | O18: Uploaded docs to system | P18: 12/06/2026 | Q18: All docs verified – approved
A19: KYC-2025-0015 | B19: Zenith Healthcare Trust | C19: LLC | D19: High Risk | E19: Sofia Chen | F19: 15/05/2026 | G19: 14/06/2026 | H19: =IFERROR(DATEVALUE(TEXT(G19,"DD/MM/YYYY"))-TODAY(),"") -> -4 | I19: On Hold | J19: 4 | K19: 6 | L19: =IFERROR(J19/K19,0) -> 0.66666667 | M19: No | N19: Complex Ownership Structure | O19: Case submitted for approval | P19: 08/06/2026 | Q19: Certificate of Incorporation expired
A20: KYC-2025-0016 | B20: GreenLeaf Agro Pvt Ltd | C20: Public Company | D20: Medium Risk | E20: Anusha Maram | F20: 21/04/2026 | G20: 11/05/2026 | H20: =IFERROR(DATEVALUE(TEXT(G20,"DD/MM/YYYY"))-TODAY(),"") -> -38 | I20: Approved | J20: 1 | K20: 5 | L20: =IFERROR(J20/K20,0) -> 0.2 | M20: No | N20: Adverse Media Match | O20: Case submitted for approval | P20: 10/06/2026 | Q20: UBO chain needs further clarification
A21: KYC-2025-0017 | B21: Sunrise Logistics Pvt Ltd | C21: Trust | D21: Low Risk | E21: Priya Sharma | F21: 06/05/2026 | G21: 05/06/2026 | H21: =IFERROR(DATEVALUE(TEXT(G21,"DD/MM/YYYY"))-TODAY(),"") -> -13 | I21: Pending | J21: 2 | K21: 4 | L21: =IFERROR(J21/K21,0) -> 0.5 | M21: No | N21: Sanctions Screening Alert | O21: Sent document request email | P21: 15/06/2026 | Q21: High-risk jurisdiction – SME review required
A22: KYC-2025-0018 | B22: TechNova Solutions Pvt Ltd | C22: Public Company | D22: High Risk | E22: Arjun Mehta | F22: 08/06/2026 | G22: 08/07/2026 | H22: =IFERROR(DATEVALUE(TEXT(G22,"DD/MM/YYYY"))-TODAY(),"") -> 20 | I22: Escalated | J22: 4 | K22: 4 | L22: =IFERROR(J22/K22,0) -> 1 | M22: Yes | N22: UBO Verification Required | O22: Approver feedback actioned | P22: 16/06/2026 | Q22: Certificate of Incorporation expired
A23: KYC-2025-0019 | B23: Bharat Retail Ventures Pvt Ltd | C23: Sole Trader | D23: Medium Risk | E23: Sofia Chen | F23: 11/05/2026 | G23: 25/05/2026 | H23: =IFERROR(DATEVALUE(TEXT(G23,"DD/MM/YYYY"))-TODAY(),"") -> -24 | I23: Escalated | J23: 4 | K23: 5 | L23: =IFERROR(J23/K23,0) -> 0.8 | M23: Yes | N23: PEP Match | O23: Escalated to SME | P23: 08/06/2026 | Q23: Outstanding – follow up with client
A24: KYC-2025-0020 | B24: Apex Manufacturing LLP | C24: Private Company | D24: Low Risk | E24: Anusha Maram | F24: 21/05/2026 | G24: 10/06/2026 | H24: =IFERROR(DATEVALUE(TEXT(G24,"DD/MM/YYYY"))-TODAY(),"") -> -8 | I24: Approved | J24: 1 | K24: 7 | L24: =IFERROR(J24/K24,0) -> 0.14285714 | M24: No | N24: Missing Incorporation Documents | O24: Sent document request email | P24: 09/06/2026 | Q24: High-risk jurisdiction – SME review required
A25: KYC-2025-0021 | B25: Future Foods Pvt Ltd | C25: Private Company | D25: High Risk | E25: Priya Sharma | F25: 30/05/2026 | G25: 19/06/2026 | H25: =IFERROR(DATEVALUE(TEXT(G25,"DD/MM/YYYY"))-TODAY(),"") -> 1 | I25: Pending | J25: 0 | K25: 4 | L25: =IFERROR(J25/K25,0) -> 0 | M25: No | N25: Complex Ownership Structure | O25: Sent document request email | P25: 10/06/2026 | Q25: All docs verified – approved
A26: KYC-2025-0022 | B26: Urban Infra Projects Ltd | C26: LLC | D26: Medium Risk | E26: Arjun Mehta | F26: 27/05/2026 | G26: 16/06/2026 | H26: =IFERROR(DATEVALUE(TEXT(G26,"DD/MM/YYYY"))-TODAY(),"") -> -2 | I26: In Review | J26: 2 | K26: 8 | L26: =IFERROR(J26/K26,0) -> 0.25 | M26: No | N26: Adverse Media Match | O26: Escalated to SME | P26: 15/06/2026
A27: KYC-2025-0023 | B27: Zenith Healthcare Trust | C27: Trust | D27: Low Risk | E27: Sofia Chen | F27: 14/05/2026 | G27: 28/05/2026 | H27: =IFERROR(DATEVALUE(TEXT(G27,"DD/MM/YYYY"))-TODAY(),"") -> -21 | I27: In Review | J27: 0 | K27: 4 | L27: =IFERROR(J27/K27,0) -> 0 | M27: No | N27: Sanctions Screening Alert | O27: Escalated to SME | P27: 11/06/2026
A28: KYC-2025-0024 | B28: GreenLeaf Agro Pvt Ltd | C28: Trust | D28: High Risk | E28: Anusha Maram | F28: 28/04/2026 | G28: 28/05/2026 | H28: =IFERROR(DATEVALUE(TEXT(G28,"DD/MM/YYYY"))-TODAY(),"") -> -21 | I28: On Hold | J28: 0 | K28: 4 | L28: =IFERROR(J28/K28,0) -> 0 | M28: No | N28: UBO Verification Required | O28: Completed initial KYC review | P28: 15/06/2026 | Q28: All docs verified – approved
A29: KYC-2025-0025 | B29: Sunrise Logistics Pvt Ltd | C29: Public Company | D29: Medium Risk | E29: Priya Sharma | F29: 10/05/2026 | G29: 30/05/2026 | H29: =IFERROR(DATEVALUE(TEXT(G29,"DD/MM/YYYY"))-TODAY(),"") -> -19 | I29: Escalated | J29: 2 | K29: 5 | L29: =IFERROR(J29/K29,0) -> 0.4 | M29: Yes | N29: PEP Match | O29: Escalated to SME | P29: 10/06/2026 | Q29: UBO chain needs further clarification
A30: KYC-2025-0026 | B30: TechNova Solutions Pvt Ltd | C30: Public Company | D30: Low Risk | E30: Arjun Mehta | F30: 10/06/2026 | G30: 30/06/2026 | H30: =IFERROR(DATEVALUE(TEXT(G30,"DD/MM/YYYY"))-TODAY(),"") -> 12 | I30: Approved | J30: 0 | K30: 4 | L30: =IFERROR(J30/K30,0) -> 0 | M30: No | N30: Missing Incorporation Documents | O30: Escalated to SME | P30: 11/06/2026 | Q30: Awaiting updated proof of address
A31: KYC-2025-0027 | B31: Bharat Retail Ventures Pvt Ltd | C31: Trust | D31: High Risk | E31: Sofia Chen | F31: 31/05/2026 | G31: 14/06/2026 | H31: =IFERROR(DATEVALUE(TEXT(G31,"DD/MM/YYYY"))-TODAY(),"") -> -4 | I31: Pending | J31: 3 | K31: 5 | L31: =IFERROR(J31/K31,0) -> 0.6 | M31: Yes | N31: Complex Ownership Structure | O31: Uploaded docs to system | P31: 12/06/2026 | Q31: Outstanding – follow up with client
A32: KYC-2025-0028 | B32: Apex Manufacturing LLP | C32: Public Company | D32: Medium Risk | E32: Anusha Maram | F32: 28/04/2026 | G32: 05/05/2026 | H32: =IFERROR(DATEVALUE(TEXT(G32,"DD/MM/YYYY"))-TODAY(),"") -> -44 | I32: Approved | J32: 2 | K32: 7 | L32: =IFERROR(J32/K32,0) -> 0.28571429 | M32: No | N32: Adverse Media Match | O32: Approver feedback actioned | P32: 10/06/2026 | Q32: UBO chain needs further clarification
A33: KYC-2025-0029 | B33: Future Foods Pvt Ltd | C33: LLC | D33: Low Risk | E33: Priya Sharma | F33: 27/04/2026 | G33: 27/05/2026 | H33: =IFERROR(DATEVALUE(TEXT(G33,"DD/MM/YYYY"))-TODAY(),"") -> -22 | I33: Pending | J33: 7 | K33: 8 | L33: =IFERROR(J33/K33,0) -> 0.875 | M33: No | N33: Sanctions Screening Alert | O33: Sent document request email | P33: 10/06/2026 | Q33: UBO chain needs further clarification
A34: KYC-2025-0030 | B34: Urban Infra Projects Ltd | C34: LLC | D34: High Risk | E34: Arjun Mehta | F34: 20/04/2026 | G34: 20/05/2026 | H34: =IFERROR(DATEVALUE(TEXT(G34,"DD/MM/YYYY"))-TODAY(),"") -> -29 | I34: Approved | J34: 1 | K34: 4 | L34: =IFERROR(J34/K34,0) -> 0.25 | M34: No | N34: UBO Verification Required | O34: Approver feedback actioned | P34: 09/06/2026 | Q34: UBO chain needs further clarification

Sheet KPI Summary
A2: 📊 KYC ANALYST PERFORMANCE & KPI SUMMARY
A3: Reporting Period: 19 May 2026 – 18 Jun 2026
A5: Total Cases | D5: Approved | G5: Escalated | J5: Overdue
A7: =COUNTA('Case Pipeline'!A:A)-1 -> 32 | D7: =COUNTIF('Case Pipeline'!I:I,"Approved") -> 6 | G7: =COUNTIF('Case Pipeline'!I:I,"Escalated") -> 4 | J7: =COUNTIF('Case Pipeline'!H:H,"<0") -> 26
A10: ANALYST PERFORMANCE BREAKDOWN | H10: CASE STATUS BREAKDOWN
A11: Analyst | B11: Total Cases | C11: Approved | D11: Escalated | E11: Avg Doc Completion | F11: Approval Rate | H11: Status | I11: Count | J11: % of Total
A12: Priya Sharma | B12: 6 | C12: 2 | D12: 1 | E12: 0.82990182 | F12: 0.33333333 | H12: Pending | I12: =COUNTIF('Case Pipeline'!I5:I34,"Pending") -> 8 | J12: =I12/COUNTA('Case Pipeline'!I5:I34) -> 0.26666667
A13: James Okafor | B13: 4 | C13: 1 | D13: 1 | E13: 0.80059884 | F13: 0.25 | H13: In Review | I13: =COUNTIF('Case Pipeline'!I5:I34,"In Review") -> 4 | J13: =I13/COUNTA('Case Pipeline'!I5:I34) -> 0.13333333
A14: Sofia Chen | B14: 8 | C14: 4 | D14: 0 | E14: 0.58695731 | F14: 0.5 | H14: Awaiting Docs | I14: =COUNTIF('Case Pipeline'!I5:I34,"Awaiting Docs") -> 2 | J14: =I14/COUNTA('Case Pipeline'!I5:I34) -> 0.066666667
A15: Arjun Mehta | B15: 7 | C15: 1 | D15: 0 | E15: 0.5890066 | F15: 0.14285714 | H15: Escalated | I15: =COUNTIF('Case Pipeline'!I5:I34,"Escalated") -> 4 | J15: =I15/COUNTA('Case Pipeline'!I5:I34) -> 0.13333333
A16: Laura Walsh | B16: 7 | C16: 1 | D16: 2 | E16: 0.60323484 | F16: 0.14285714 | H16: Approved | I16: =COUNTIF('Case Pipeline'!I5:I34,"Approved") -> 6 | J16: =I16/COUNTA('Case Pipeline'!I5:I34) -> 0.2
A17: Anusha Maram | B17: =COUNTIF('Case Pipeline'!E:E,"Anusha Maram") -> 7 | C17: =COUNTIFS('Case Pipeline'!E:E,"Anusha Maram",'Case Pipeline'!I:I,"Approved") -> 3 | D17: =COUNTIFS('Case Pipeline'!E:E,"Anusha Maram",'Case Pipeline'!I:I,"Escalated") -> 0 | E17: =AVERAGEIF('Case Pipeline'!E:E,"Anusha Maram",'Case Pipeline'!L:L) -> 0.40408163 | F17: =C17/B17 -> 0.42857143 | H17: On Hold | I17: =COUNTIF('Case Pipeline'!I5:I34,"On Hold") -> 6 | J17: =I17/COUNTA('Case Pipeline'!I5:I34) -> 0.2
H19: RISK RATING DISTRIBUTION
H20: Risk Rating | I20: Count | J20: % of Total
H21: Low | I21: =COUNTIF('Case Pipeline'!D:D,"Low Risk") -> 10 | J21: =I21/COUNTA('Case Pipeline'!D5:D34) -> 0.33333333
H22: Medium | I22: =COUNTIF('Case Pipeline'!D:D,"Medium Risk") -> 10 | J22: =I22/COUNTA('Case Pipeline'!D5:D34) -> 0.33333333
H23: High | I23: =COUNTIF('Case Pipeline'!D:D,"High Risk") -> 10 | J23: =I23/COUNTA('Case Pipeline'!D5:D34) -> 0.33333333

Sheet Overdue & Escalations
A2: 🚨 OVERDUE CASES & ESCALATION TRACKER
A3: Review this sheet daily – all cases shown require immediate action
A5: ⏰ OVERDUE CASES (Due Date Passed)
A6: Case ID | B6: Client Name | C6: Entity Type | D6: Risk Rating | E6: Analyst | F6: Due Date | G6: Days Overdue | H6: Status | I6: Last Action | J6: Last Action Date | K6: Action Required
A7: KYC-2025-0001 | B7: Client A Group | C7: Sole Trader | D7: Low | E7: Priya Sharma | F7: 12/06/2026 | G7: 6 | H7: On Hold | I7: Chased client for UBO details | J7: 10/06/2026 | K7: Contact client relationship manager for intervention
A8: KYC-2025-0002 | B8: Client B Ltd | C8: LLC | D8: Medium | E8: Priya Sharma | F8: 04/06/2026 | G8: 14 | H8: Pending | I8: Approver feedback actioned | J8: 15/06/2026 | K8: Re-send document request with deadline reminder
A9: KYC-2025-0003 | B9: Client C Holdings | C9: Trust | D9: Medium | E9: Priya Sharma | F9: 02/06/2026 | G9: 16 | H9: Escalated | I9: Case submitted for approval | J9: 16/06/2026 | K9: Escalate to Team Lead – no response in 5+ days
A10: KYC-2025-0004 | B10: Client D Group | C10: Partnership | D10: Low | E10: Priya Sharma | F10: 02/06/2026 | G10: 16 | H10: In Review | I10: Uploaded docs to system | J10: 13/06/2026 | K10: Flag for SME review – complex structure
A11: KYC-2025-0005 | B11: Client E Ltd | C11: Partnership | D11: High | E11: Priya Sharma | F11: 12/06/2026 | G11: 6 | H11: On Hold | I11: Approver feedback actioned | J11: 14/06/2026 | K11: Flag for SME review – complex structure
A12: KYC-2025-0006 | B12: Client F Holdings | C12: Private Company | D12: Medium | E12: James Okafor | F12: 01/06/2026 | G12: 17 | H12: Awaiting Docs | I12: Case submitted for approval | J12: 14/06/2026 | K12: Escalate to Team Lead – no response in 5+ days
A13: KYC-2025-0007 | B13: Client G Group | C13: Trust | D13: Low | E13: James Okafor | F13: 17/06/2026 | G13: 1 | H13: Pending | I13: Uploaded docs to system | J13: 13/06/2026 | K13: Immediately chase client for outstanding documents
A14: KYC-2025-0008 | B14: Client H Ltd | C14: LLC | D14: Low | E14: James Okafor | F14: 06/06/2026 | G14: 12 | H14: On Hold | I14: Completed initial KYC review | J14: 11/06/2026 | K14: Flag for SME review – complex structure
A17: 🔺 ESCALATED CASES – Pending SME / Team Lead Review
A18: Case ID | B18: Client Name | C18: Risk Rating | D18: Analyst | E18: Escalation Reason | F18: Escalated To | G18: Date Escalated | H18: SME/TL Notes | I18: Target Resolution | J18: Status
A19: KYC-2025-0003 | B19: Client C Holdings | C19: Medium | D19: Priya Sharma | F19: SME – Compliance | G19: 16/06/2026 | H19: Complex UBO chain – reviewing | I19: 27/06/2026 | J19: Under Review
A20: KYC-2025-0018 | B20: Client R Holdings | C20: Low | D20: Arjun Mehta | E20: Complex ownership structure | F20: SME – Compliance | G20: 14/06/2026 | H20: Jurisdiction risk assessment in progress | I20: 24/06/2026 | J20: Under Review
A21: KYC-2025-0019 | B21: Client S Group | C21: High | D21: Sofia Chen | E21: Complex ownership structure | F21: SME – Compliance | G21: 15/06/2026 | I21: 28/06/2026 | J21: Under Review
A22: KYC-2025-0025 | B22: Client Y Group | C22: Medium | D22: Priya Sharma | E22: Adverse media hit | F22: SME – Compliance | G22: 12/06/2026 | H22: Adverse media flagged – further checks | I22: 28/06/2026 | J22: Under Review
A23: KYC-2025-0027 | B23: Client A Holdings | C23: High | D23: Arjun Mehta | E23: Adverse media hit | F23: Team Lead | G23: 12/06/2026 | H23: Awaiting PEP screening results | I23: 21/06/2026 | J23: Under Review

Sheet Document Checklist
A2: 📋 KYC DOCUMENT REQUIREMENTS MATRIX
A3: Reference guide for document requirements by entity type and risk level
A5: DOCUMENT REQUIREMENTS BY ENTITY TYPE
A6: Document Type | B6: Private Company | C6: Public Company | D6: Trust | E6: Partnership | F6: LLC
A7: Beneficiary Schedule | B7: – | C7: – | D7: ✔ Required | E7: – | F7: –
A8: Certificate of Formation/Organization | B8: – | C8: – | D8: – | E8: – | F8: ✔ Required
A9: Certificate of Incorporation | B9: ✔ Required | C9: ✔ Required | D9: – | E9: – | F9: –
A10: Latest Accounts | B10: – | C10: – | D10: – | E10: ✔ Required | F10: –
A11: Latest Annual Report | B11: – | C11: ✔ Required | D11: – | E11: – | F11: –
A12: Latest Financial Statements | B12: ✔ Required | C12: – | D12: – | E12: – | F12: –
A13: Listing Evidence / Stock Exchange | B13: – | C13: ✔ Required | D13: – | E13: – | F13: –
A14: Member Register | B14: – | C14: – | D14: – | E14: – | F14: ✔ Required
A15: Memorandum & Articles of Association | B15: ✔ Required | C15: – | D15: – | E15: – | F15: –
A16: Operating Agreement | B16: – | C16: – | D16: – | E16: – | F16: ✔ Required
A17: Partners Register | B17: – | C17: – | D17: – | E17: ✔ Required | F17: –
... A33: UBO Declaration (>25%) | B33: ✔ Required | C33: – | D33: – | E33: – | F33: –
A36: 📝 IMPORTANT NOTES FOR ANALYSTS
A37: 1. All documents must be certified true copies or originals – self-certified not accepted for High/Very High risk
A38: 2. UBO threshold: individuals owning or controlling >25% of the entity must be identified and verified
A39: 3. Documents must be dated within the last 3 months for proof of address; 12 months for financials
A40: 4. High-risk jurisdictions require enhanced due diligence (EDD) – escalate to SME before proceeding
A41: 5. PEP screening must be conducted for all directors, UBOs, and authorised signatories
